{
  "HealthPredictor_sleep_quality": {
    "mse": 2.788335354378316,
    "rmse": 1.6698309358669565,
    "mae": 1.3089428984122415,
    "r2_score": -0.007610974008236404,
    "mape": 27.727050181166113,
    "explained_variance": -0.006474726578919565,
    "max_error": 5.388413724321938,
    "mean_prediction": 5.937340507895427,
    "std_prediction": 0.11374259011973788,
    "mean_true": 5.993414634146341,
    "std_true": 1.6635124604664988
  },
  "HealthPredictor_mood_score": {
    "mse": 2.635122746149823,
    "rmse": 1.6233061159712985,
    "mae": 1.3157832925462454,
    "r2_score": -0.005997767691402478,
    "mape": 24.36925886123215,
    "explained_variance": -0.005772173458847174,
    "max_error": 5.666177262619335,
    "mean_prediction": 6.454105700250975,
    "std_prediction": 0.11251983577770387,
    "mean_true": 6.4784146341463416,
    "std_true": 1.6184597989327545
  },
  "HealthPredictor_stress_level": {
    "mse": 3.104928905665106,
    "rmse": 1.7620808453828405,
    "mae": 1.4127006929078205,
    "r2_score": -0.016043248636117724,
    "mape": 59.32907072469731,
    "explained_variance": -0.005519597173430757,
    "max_error": 6.027432403007142,
    "mean_prediction": 4.078964151537718,
    "std_prediction": 0.12144625906163246,
    "mean_true": 3.899634146341463,
    "std_true": 1.7481139279736577
  },
  "HealthPredictor_exercise": {
    "accuracy": 0.48597560975609755,
    "precision": 0.486149673920062,
    "recall": 0.9410073740782402,
    "f1_score": 0.6410933242506812,
    "auc_roc": 0.49302417088327105
  }
}